Timestamp,User Count,Type,Name,Requests/s,Failures/s,50%,66%,75%,80%,90%,95%,98%,99%,99.9%,99.99%,100%,Total Request Count,Total Failure Count,Total Median Response Time,Total Average Response Time,Total Min Response Time,Total Max Response Time,Total Average Content Size
1764732309,0,,Aggregated,0.000000,0.000000,N/A,N/A,N/A,N/A,N/A,N/A,N/A,N/A,N/A,N/A,N/A,0,0,0,0.0,0,0,0
1764732310,200,,Aggregated,0.000000,0.000000,140,150,170,170,200,200,220,220,230,230,230,200,0,140.0,142.3633087176131,70.05974999628961,228.2072079833597,22.0
1764732311,200,,Aggregated,0.000000,0.000000,140,150,170,170,200,200,220,220,230,230,230,200,0,140.0,142.3633087176131,70.05974999628961,228.2072079833597,22.0
1764732312,200,,Aggregated,0.000000,0.000000,90,120,140,150,170,200,210,220,500,500,500,400,0,89,96.68424936709926,23.055458907037973,495.986666996032,22.0
1764732313,200,,Aggregated,0.000000,0.000000,90,120,140,150,170,200,210,220,500,500,500,400,0,89,96.68424936709926,23.055458907037973,495.986666996032,22.0
1764732314,200,,Aggregated,66.666667,0.000000,71,110,120,130,160,180,200,220,500,500,500,600,0,70,88.71918946135945,23.055458907037973,495.986666996032,22.0
1764732315,200,,Aggregated,66.666667,0.000000,71,110,120,130,160,180,200,220,500,500,500,600,0,70,88.71918946135945,23.055458907037973,495.986666996032,22.0
1764732316,200,,Aggregated,80.000000,0.000000,81,110,120,140,160,180,200,220,500,500,500,800,0,81,92.90219849761343,23.055458907037973,495.986666996032,22.0
1764732317,200,,Aggregated,80.000000,0.000000,81,110,120,140,160,180,200,220,500,500,500,800,0,81,92.90219849761343,23.055458907037973,495.986666996032,22.0
1764732318,200,,Aggregated,85.714286,0.000000,84,110,120,130,160,180,200,220,500,500,500,1000,0,84,92.31749566574581,23.055458907037973,495.986666996032,22.0
1764732319,200,,Aggregated,85.714286,0.000000,84,110,120,130,160,180,200,220,500,500,500,1000,0,84,92.31749566574581,23.055458907037973,495.986666996032,22.0
1764732320,200,,Aggregated,88.888889,0.000000,84,110,120,130,150,170,200,210,240,500,500,1200,0,84,92.21176516313183,23.055458907037973,495.986666996032,22.0
1764732321,200,,Aggregated,88.888889,0.000000,84,110,120,130,150,170,200,210,240,500,500,1200,0,84,92.21176516313183,23.055458907037973,495.986666996032,22.0
1764732322,200,,Aggregated,100.000000,0.000000,86,110,120,130,150,170,200,210,240,500,500,1398,0,86,93.68043487569456,23.055458907037973,495.986666996032,22.0
1764732324,200,,Aggregated,100.000000,0.000000,86,110,120,130,150,170,200,210,500,720,720,1400,0,86,94.13790133798362,23.055458907037973,716.3006250048056,22.0
1764732325,200,,Aggregated,100.000000,0.000000,86,110,120,130,150,170,200,210,500,720,720,1598,0,86,93.07437353911408,23.055458907037973,716.3006250048056,22.0
1764732326,200,,Aggregated,99.800000,0.000000,86,110,120,130,150,170,200,210,500,720,720,1600,0,86,93.0216685153573,23.055458907037973,716.3006250048056,22.0
1764732327,200,,Aggregated,100.000000,0.000000,88,110,120,130,150,180,200,220,500,720,720,1798,0,88,94.80528369234115,23.055458907037973,716.3006250048056,22.0
1764732328,200,,Aggregated,99.800000,0.000000,88,110,120,130,150,180,200,220,500,720,720,1800,0,88,94.78913157221137,23.055458907037973,716.3006250048056,22.0
1764732329,200,,Aggregated,99.800000,0.000000,87,110,120,130,150,170,200,220,500,720,720,1997,0,87,93.58713080086146,23.055458907037973,716.3006250048056,22.0
1764732330,200,,Aggregated,99.800000,0.000000,87,110,120,130,150,170,200,220,560,720,720,2000,0,87,93.82237164617982,23.055458907037973,716.3006250048056,22.0
1764732331,200,,Aggregated,99.200000,0.000000,87,110,120,130,150,170,200,220,500,720,720,2128,0,87,93.71128653496052,23.055458907037973,716.3006250048056,22.0
1764732332,200,,Aggregated,99.200000,0.000000,88,110,120,130,150,170,200,220,500,720,720,2200,0,88,94.65934696792498,23.055458907037973,716.3006250048056,22.0
1764732333,200,,Aggregated,84.000000,0.000000,88,110,120,130,150,170,200,220,500,720,720,2204,0,88,94.61778128646844,23.055458907037973,716.3006250048056,22.0
1764732334,200,,Aggregated,84.000000,0.000000,88,110,120,130,150,170,200,220,500,720,720,2400,0,88,94.02701593435874,23.055458907037973,716.3006250048056,22.0
1764732335,200,,Aggregated,84.000000,0.000000,88,110,120,130,150,170,200,220,500,720,720,2400,0,88,94.02701593435874,23.055458907037973,716.3006250048056,22.0
1764732336,200,,Aggregated,80.200000,0.000000,89,110,120,130,150,170,200,220,540,720,720,2600,0,89,95.08997078277528,22.668291931040585,716.3006250048056,22.0
1764732337,200,,Aggregated,80.200000,0.000000,89,110,120,130,150,170,200,220,540,720,720,2600,0,89,95.08997078277528,22.668291931040585,716.3006250048056,22.0
1764732338,200,,Aggregated,80.200000,0.000000,88,110,120,130,150,170,200,220,550,720,720,2800,0,88,94.17759181075131,22.668291931040585,716.3006250048056,22.0
1764732339,200,,Aggregated,80.200000,0.000000,88,110,120,130,150,170,200,220,550,720,720,2800,0,88,94.17759181075131,22.668291931040585,716.3006250048056,22.0
1764732340,200,,Aggregated,80.200000,0.000000,90,110,120,130,150,170,200,220,560,720,720,3000,0,90,96.11131395942841,22.668291931040585,716.3006250048056,22.0
1764732341,200,,Aggregated,80.200000,0.000000,90,110,120,130,150,170,200,220,560,720,720,3000,0,90,96.11131395942841,22.668291931040585,716.3006250048056,22.0
1764732342,200,,Aggregated,80.800000,0.000000,89,110,120,130,150,170,200,220,550,720,720,3200,0,89,95.28508386712929,22.668291931040585,716.3006250048056,22.0
1764732343,200,,Aggregated,80.800000,0.000000,89,110,120,130,150,170,200,220,550,720,720,3200,0,89,95.28508386712929,22.668291931040585,716.3006250048056,22.0
1764732344,200,,Aggregated,100.000000,0.000000,89,110,120,130,150,170,200,220,550,720,720,3400,0,89,95.23368785705637,22.668291931040585,716.3006250048056,22.0
1764732345,200,,Aggregated,100.000000,0.000000,89,110,120,130,150,170,200,220,550,720,720,3400,0,89,95.23368785705637,22.668291931040585,716.3006250048056,22.0
1764732346,200,,Aggregated,100.000000,0.000000,89,110,120,130,150,170,200,220,550,720,720,3594,0,89,94.8433113062786,22.668291931040585,716.3006250048056,22.0
1764732347,200,,Aggregated,99.400000,0.000000,89,110,120,130,150,170,200,220,550,720,720,3600,0,89,94.84024107692272,22.668291931040585,716.3006250048056,22.0
1764732348,200,,Aggregated,100.000000,0.000000,90,110,120,130,150,170,200,220,550,720,720,3794,0,90,95.60961021986384,22.668291931040585,716.3006250048056,22.0
1764732349,200,,Aggregated,99.400000,0.000000,90,110,120,130,150,170,200,220,550,720,720,3800,0,90,95.596710572105,22.668291931040585,716.3006250048056,22.0
1764732350,200,,Aggregated,100.000000,0.000000,89,110,120,130,150,170,200,210,550,720,720,3994,0,89,94.817824059485,22.668291931040585,716.3006250048056,22.0
1764732351,200,,Aggregated,99.400000,0.000000,89,110,120,130,150,170,200,210,550,720,720,4000,0,89,94.82113296864554,22.668291931040585,716.3006250048056,22.0
1764732352,200,,Aggregated,99.400000,0.000000,90,110,120,130,150,170,200,220,540,720,720,4194,0,90,96.10600716308511,22.668291931040585,716.3006250048056,22.0
1764732353,200,,Aggregated,99.400000,0.000000,90,110,120,130,150,170,200,220,540,720,720,4200,0,90,96.10715446403317,22.668291931040585,716.3006250048056,22.0
1764732354,200,,Aggregated,87.600000,0.000000,89,110,120,130,150,170,200,210,540,720,720,4321,0,89,95.22933936046358,22.668291931040585,716.3006250048056,22.0
1764732355,200,,Aggregated,87.600000,0.000000,90,110,120,130,150,170,200,220,540,720,720,4400,0,90,96.3019267324919,22.668291931040585,716.3006250048056,22.0
1764732356,200,,Aggregated,80.600000,0.000000,90,110,120,130,150,170,200,220,540,720,720,4485,0,90,96.40438497783418,22.668291931040585,716.3006250048056,22.0
1764732357,200,,Aggregated,80.600000,0.000000,90,110,120,130,150,170,200,220,540,720,720,4600,0,90,95.97139411142764,22.668291931040585,716.3006250048056,22.0
1764732358,200,,Aggregated,80.600000,0.000000,90,110,120,130,150,170,200,220,540,720,720,4600,0,90,95.97139411142764,22.668291931040585,716.3006250048056,22.0
1764732359,200,,Aggregated,80.600000,0.000000,89,110,120,130,150,170,200,220,550,720,720,4800,0,89,95.04466055482528,22.668291931040585,716.3006250048056,22.0
1764732360,200,,Aggregated,80.600000,0.000000,89,110,120,130,150,170,200,220,550,720,720,4800,0,89,95.04466055482528,22.668291931040585,716.3006250048056,22.0
1764732361,200,,Aggregated,80.600000,0.000000,90,110,120,130,150,170,200,220,550,720,720,5000,0,90,96.2051996492548,22.621832904405892,716.3006250048056,22.0
1764732362,200,,Aggregated,80.600000,0.000000,90,110,120,130,150,170,200,220,550,720,720,5000,0,90,96.2051996492548,22.621832904405892,716.3006250048056,22.0
1764732363,200,,Aggregated,100.000000,0.000000,91,110,120,130,160,180,230,370,700,760,760,5200,0,91,100.70466466348779,22.621832904405892,759.5257079228759,22.0
1764732364,200,,Aggregated,100.000000,0.000000,91,110,120,130,160,180,230,370,700,760,760,5200,0,91,100.70466466348779,22.621832904405892,759.5257079228759,22.0
1764732365,200,,Aggregated,99.000000,0.000000,90,110,120,130,160,180,230,360,700,760,760,5400,0,90,99.60801035437423,22.621832904405892,759.5257079228759,22.0
1764732366,200,,Aggregated,99.000000,0.000000,90,110,120,130,160,180,230,360,700,760,760,5400,0,90,99.60801035437423,22.621832904405892,759.5257079228759,22.0
1764732367,200,,Aggregated,95.300000,0.000000,89,110,120,130,160,180,230,350,700,760,760,5597,0,89,98.75831301275399,22.434042068198323,759.5257079228759,22.0
1764732368,200,,Aggregated,95.300000,0.000000,89,110,120,130,160,180,230,350,700,760,760,5600,0,89,98.72989623061065,22.434042068198323,759.5257079228759,22.0
1764732369,200,,Aggregated,95.300000,0.000000,89,110,120,130,160,180,220,340,700,760,760,5790,0,89,98.54084523002632,22.434042068198323,759.5257079228759,22.0
1764732370,200,,Aggregated,95.300000,0.000000,89,110,120,130,160,180,220,340,700,760,760,5800,0,89,98.48626118703295,22.434042068198323,759.5257079228759,22.0
1764732371,200,,Aggregated,95.300000,0.000000,89,110,120,130,150,180,220,330,700,760,760,5953,0,89,98.26173794957391,22.434042068198323,759.5257079228759,22.0
1764732372,200,,Aggregated,95.300000,0.000000,89,110,120,130,150,180,220,330,700,760,760,6000,0,89,98.20494708546903,22.434042068198323,759.5257079228759,22.0
1764732373,200,,Aggregated,95.200000,0.000000,90,110,120,130,150,180,220,330,700,760,760,6153,0,90,98.30703321797341,22.434042068198323,759.5257079228759,22.0
1764732374,200,,Aggregated,95.200000,0.000000,90,110,120,130,150,180,220,330,700,760,760,6200,0,90,98.24562114494432,22.434042068198323,759.5257079228759,22.0
1764732375,200,,Aggregated,95.000000,0.000000,90,110,120,130,150,180,220,320,700,760,760,6353,0,90,98.04865392590155,22.434042068198323,759.5257079228759,22.0
1764732376,200,,Aggregated,95.000000,0.000000,89,110,120,130,150,180,220,320,700,760,760,6400,0,89,97.96250689656517,22.434042068198323,759.5257079228759,22.0
1764732377,200,,Aggregated,84.900000,0.000000,89,110,120,130,150,180,220,310,700,760,760,6551,0,89,97.82371837895624,22.434042068198323,759.5257079228759,22.0
1764732378,200,,Aggregated,84.900000,0.000000,90,110,120,130,150,180,220,320,700,760,760,6600,0,90,97.94728048854846,22.434042068198323,759.5257079228759,22.0
1764732379,200,,Aggregated,84.700000,0.000000,89,110,120,130,150,180,220,310,700,760,760,6746,0,89,97.75066576603211,22.434042068198323,759.5257079228759,22.0
1764732380,200,,Aggregated,84.700000,0.000000,90,110,120,130,150,180,220,310,700,760,760,6800,0,90,97.78861870838548,22.434042068198323,759.5257079228759,22.0
1764732381,200,,Aggregated,84.700000,0.000000,90,110,120,130,150,180,220,290,700,760,760,6806,0,90,97.7736206485704,22.434042068198323,759.5257079228759,22.0
1764732382,200,,Aggregated,84.700000,0.000000,90,110,120,130,150,180,220,290,700,760,760,7000,0,90,97.85684879373626,22.434042068198323,759.5257079228759,22.0
1764732383,200,,Aggregated,84.700000,0.000000,90,110,120,130,150,180,220,290,700,760,760,7000,0,90,97.85684879373626,22.434042068198323,759.5257079228759,22.0
1764732384,200,,Aggregated,100.000000,0.000000,90,110,120,130,150,170,210,280,660,760,760,7200,0,90,97.68456165017496,22.434042068198323,759.5257079228759,22.0
1764732385,200,,Aggregated,100.000000,0.000000,90,110,120,130,150,170,210,280,660,760,760,7200,0,90,97.68456165017496,22.434042068198323,759.5257079228759,22.0
1764732386,200,,Aggregated,99.900000,0.000000,90,110,120,130,150,170,210,280,660,760,760,7400,0,90,97.61443950525309,22.434042068198323,759.5257079228759,22.0
1764732387,200,,Aggregated,99.900000,0.000000,90,110,120,130,150,170,210,280,660,760,760,7400,0,90,97.61443950525309,22.434042068198323,759.5257079228759,22.0
1764732388,200,,Aggregated,96.300000,0.000000,90,110,120,130,150,170,210,270,660,760,760,7600,0,90,97.58517040132766,22.434042068198323,759.5257079228759,22.0
1764732389,200,,Aggregated,96.300000,0.000000,90,110,120,130,150,170,210,270,660,760,760,7600,0,90,97.58517040132766,22.434042068198323,759.5257079228759,22.0
1764732390,200,,Aggregated,95.100000,0.000000,90,110,120,130,150,170,210,270,660,760,760,7800,0,90,97.42625265621031,22.434042068198323,759.5257079228759,22.0
1764732391,200,,Aggregated,95.100000,0.000000,90,110,120,130,150,170,210,270,660,760,760,7800,0,90,97.42625265621031,22.434042068198323,759.5257079228759,22.0
1764732392,200,,Aggregated,95.000000,0.000000,91,110,120,130,150,170,210,260,660,760,760,8000,0,90,97.52407194451371,22.434042068198323,759.5257079228759,22.0
1764732393,200,,Aggregated,95.000000,0.000000,91,110,120,130,150,170,210,260,660,760,760,8000,0,90,97.52407194451371,22.434042068198323,759.5257079228759,22.0
1764732394,200,,Aggregated,100.000000,0.000000,90,110,120,130,150,170,210,260,630,760,760,8149,0,90,97.398406507514,22.434042068198323,759.5257079228759,22.0
1764732395,200,,Aggregated,95.000000,0.000000,91,110,120,130,150,170,210,260,630,760,760,8200,0,91,97.4944603356686,22.434042068198323,759.5257079228759,22.0
1764732396,200,,Aggregated,95.000000,0.000000,91,110,120,130,150,170,210,260,630,760,760,8349,0,91,97.63698971956414,22.434042068198323,759.5257079228759,22.0
1764732397,200,,Aggregated,95.000000,0.000000,91,110,120,130,150,170,210,260,630,760,760,8400,0,91,97.59030829387484,22.434042068198323,759.5257079228759,22.0
1764732398,200,,Aggregated,87.300000,0.000000,91,110,120,120,150,170,200,260,630,760,760,8548,0,91,97.34168125164076,22.434042068198323,759.5257079228759,22.0
1764732399,200,,Aggregated,87.300000,0.000000,91,110,120,120,150,170,200,260,630,760,760,8600,0,91,97.37527970993501,22.434042068198323,759.5257079228759,22.0
1764732400,200,,Aggregated,84.900000,0.000000,91,110,120,120,150,170,200,260,630,760,760,8746,0,91,97.51175277270477,22.434042068198323,759.5257079228759,22.0
1764732401,200,,Aggregated,84.900000,0.000000,91,110,120,120,150,170,200,260,630,760,760,8800,0,91,97.54216208807934,22.434042068198323,759.5257079228759,22.0
1764732402,200,,Aggregated,85.000000,0.000000,91,110,120,120,150,170,200,260,630,760,760,8946,0,91,97.38933685925478,22.434042068198323,759.5257079228759,22.0
1764732403,200,,Aggregated,85.000000,0.000000,91,110,120,120,150,170,200,260,630,760,760,9000,0,91,97.33467230560362,22.434042068198323,759.5257079228759,22.0
1764732404,200,,Aggregated,85.000000,0.000000,91,110,120,120,150,170,200,260,630,760,760,9092,0,91,97.25279983766268,22.434042068198323,759.5257079228759,22.0
1764732405,200,,Aggregated,85.000000,0.000000,91,110,120,120,150,170,200,260,630,760,760,9200,0,91,97.45874839259119,22.434042068198323,759.5257079228759,22.0
1764732406,200,,Aggregated,85.000000,0.000000,91,110,120,120,150,170,200,260,630,760,760,9200,0,91,97.45874839259119,22.434042068198323,759.5257079228759,22.0
1764732407,200,,Aggregated,100.000000,0.000000,91,110,120,120,150,170,200,260,630,760,760,9400,0,91,97.14077999557745,22.434042068198323,759.5257079228759,22.0
1764732408,200,,Aggregated,100.000000,0.000000,91,110,120,120,150,170,200,260,630,760,760,9400,0,91,97.14077999557745,22.434042068198323,759.5257079228759,22.0
1764732409,200,,Aggregated,99.700000,0.000000,91,110,120,120,150,170,200,260,630,760,760,9600,0,91,97.39122403222912,22.434042068198323,759.5257079228759,22.0
1764732410,200,,Aggregated,99.700000,0.000000,91,110,120,120,150,170,200,260,630,760,760,9600,0,91,97.39122403222912,22.434042068198323,759.5257079228759,22.0
1764732411,200,,Aggregated,94.800000,0.000000,91,110,120,120,150,170,200,250,630,760,760,9800,0,91,97.17328303208461,22.434042068198323,759.5257079228759,22.0
1764732412,200,,Aggregated,94.800000,0.000000,91,110,120,120,150,170,200,250,630,760,760,9800,0,91,97.17328303208461,22.434042068198323,759.5257079228759,22.0
1764732413,200,,Aggregated,94.800000,0.000000,91,100,120,120,150,170,200,250,630,760,760,10000,0,91,96.74369238886284,21.698541007936,759.5257079228759,22.0
1764732414,200,,Aggregated,94.800000,0.000000,91,100,120,120,150,170,200,250,630,760,760,10000,0,91,96.74369238886284,21.698541007936,759.5257079228759,22.0
1764732415,200,,Aggregated,94.800000,0.000000,91,110,120,120,150,170,200,240,620,750,760,10200,0,91,97.1601681103907,21.698541007936,759.5257079228759,22.0
1764732416,200,,Aggregated,94.800000,0.000000,91,110,120,120,150,170,200,240,620,750,760,10200,0,91,97.1601681103907,21.698541007936,759.5257079228759,22.0
1764732417,200,,Aggregated,94.800000,0.000000,91,100,120,120,150,170,200,240,620,750,760,10400,0,91,96.57138702439485,21.698541007936,759.5257079228759,22.0
1764732418,200,,Aggregated,94.800000,0.000000,91,100,120,120,150,170,200,240,620,750,760,10400,0,91,96.57138702439485,21.698541007936,759.5257079228759,22.0
1764732419,200,,Aggregated,93.600000,0.000000,91,110,120,120,150,170,200,240,620,750,760,10548,0,91,97.06300666592315,21.698541007936,759.5257079228759,22.0
1764732420,200,,Aggregated,93.600000,0.000000,91,110,120,120,150,170,200,240,620,750,760,10600,0,91,97.06193379905154,21.698541007936,759.5257079228759,22.0
1764732421,200,,Aggregated,85.200000,0.000000,91,110,120,120,150,170,200,250,620,750,760,10746,0,91,97.25935507987414,21.698541007936,759.5257079228759,22.0
1764732422,200,,Aggregated,85.200000,0.000000,91,110,120,120,150,170,200,250,620,750,760,10800,0,91,97.53380884413167,21.698541007936,759.5257079228759,22.0
1764732423,200,,Aggregated,85.200000,0.000000,91,110,120,120,150,170,210,260,620,750,760,10946,0,91,97.47674884027009,21.698541007936,759.5257079228759,22.0
1764732424,200,,Aggregated,85.200000,0.000000,91,110,120,120,150,170,210,260,620,750,760,11000,0,91,97.38592454665128,21.698541007936,759.5257079228759,22.0
1764732425,200,,Aggregated,85.200000,0.000000,91,110,120,120,150,170,200,260,580,750,760,11144,0,91,97.09226700545997,21.698541007936,759.5257079228759,22.0
1764732426,200,,Aggregated,100.000000,0.000000,91,110,120,120,150,170,200,260,580,750,760,11200,0,91,97.01997497827895,21.698541007936,759.5257079228759,22.0
1764732427,200,,Aggregated,85.200000,0.000000,91,110,120,120,150,170,200,260,580,750,760,11342,0,91,96.97031538465966,21.698541007936,759.5257079228759,22.0
1764732428,200,,Aggregated,99.800000,0.000000,91,110,120,120,150,170,200,260,580,750,760,11400,0,91,96.9185292549031,21.698541007936,759.5257079228759,22.0
1764732429,200,,Aggregated,86.700000,0.000000,91,100,120,120,150,170,200,250,580,750,760,11507,0,91,96.77917871040202,21.698541007936,759.5257079228759,22.0
1764732430,200,,Aggregated,99.800000,0.000000,91,100,120,120,150,170,200,250,580,750,760,11600,0,91,96.7441369328098,21.698541007936,759.5257079228759,22.0
1764732431,200,,Aggregated,99.800000,0.000000,91,100,120,120,150,170,200,250,580,750,760,11600,0,91,96.7441369328098,21.698541007936,759.5257079228759,22.0
1764732432,200,,Aggregated,94.600000,0.000000,91,110,120,120,150,170,200,250,580,750,760,11800,0,91,96.84089540312524,21.698541007936,759.5257079228759,22.0
1764732433,200,,Aggregated,94.600000,0.000000,91,110,120,120,150,170,200,250,580,750,760,11800,0,91,96.84089540312524,21.698541007936,759.5257079228759,22.0
1764732434,200,,Aggregated,94.600000,0.000000,91,100,120,120,150,170,200,250,580,750,760,12000,0,91,96.71790066740748,21.698541007936,759.5257079228759,22.0
1764732435,200,,Aggregated,94.600000,0.000000,91,100,120,120,150,170,200,250,580,750,760,12000,0,91,96.71790066740748,21.698541007936,759.5257079228759,22.0
1764732436,200,,Aggregated,94.600000,0.000000,91,100,120,120,150,170,200,250,580,750,760,12200,0,91,96.74215321060743,21.698541007936,759.5257079228759,22.0
1764732437,200,,Aggregated,94.600000,0.000000,91,100,120,120,150,170,200,250,580,750,760,12200,0,91,96.74215321060743,21.698541007936,759.5257079228759,22.0
1764732438,200,,Aggregated,94.800000,0.000000,91,100,120,120,150,170,200,240,580,750,760,12399,0,91,96.56873706524514,21.698541007936,759.5257079228759,22.0
1764732439,200,,Aggregated,94.800000,0.000000,91,100,120,120,150,170,200,250,580,750,760,12400,0,91,96.58654498297818,21.698541007936,759.5257079228759,22.0
1764732440,200,,Aggregated,94.000000,0.000000,91,100,120,120,150,170,200,240,580,750,760,12599,0,91,96.73270680541917,21.698541007936,759.5257079228759,22.0
1764732441,200,,Aggregated,94.000000,0.000000,91,100,120,120,150,170,200,240,580,750,760,12600,0,91,96.72816749662161,21.698541007936,759.5257079228759,22.0
1764732442,200,,Aggregated,85.500000,0.000000,91,100,120,120,150,170,200,240,580,750,760,12790,0,91,96.61586012873664,21.698541007936,759.5257079228759,22.0
1764732443,200,,Aggregated,85.500000,0.000000,91,100,120,120,150,170,200,240,580,750,760,12800,0,91,96.6243242030032,21.698541007936,759.5257079228759,22.0
1764732444,200,,Aggregated,85.400000,0.000000,91,100,120,120,150,170,200,240,580,750,760,12945,0,91,96.77275709106233,21.698541007936,759.5257079228759,22.0
1764732445,200,,Aggregated,85.400000,0.000000,91,100,120,120,150,170,200,240,580,750,760,13000,0,91,96.69422069865351,21.698541007936,759.5257079228759,22.0
1764732446,200,,Aggregated,85.400000,0.000000,91,100,110,120,150,170,200,240,580,750,760,13145,0,91,96.42090744648189,21.698541007936,759.5257079228759,22.0
1764732447,200,,Aggregated,85.400000,0.000000,91,100,110,120,150,170,200,240,580,750,760,13200,0,91,96.4039680245156,21.698541007936,759.5257079228759,22.0
1764732448,200,,Aggregated,85.400000,0.000000,91,100,120,120,150,170,200,240,580,750,760,13343,0,91,96.64769778862922,21.698541007936,759.5257079228759,22.0
1764732449,200,,Aggregated,85.400000,0.000000,91,100,120,120,150,170,200,240,580,750,760,13400,0,91,96.73810332520941,21.698541007936,759.5257079228759,22.0
1764732450,200,,Aggregated,86.200000,0.000000,91,100,110,120,150,170,200,240,580,750,760,13543,0,91,96.50408539009081,21.698541007936,759.5257079228759,22.0
1764732451,200,,Aggregated,100.000000,0.000000,91,100,110,120,150,170,200,240,580,750,760,13600,0,91,96.50972646581495,21.698541007936,759.5257079228759,22.0
1764732452,200,,Aggregated,99.900000,0.000000,91,100,110,120,150,170,200,240,580,750,760,13742,0,91,96.60398411857676,21.698541007936,759.5257079228759,22.0
1764732453,200,,Aggregated,94.300000,0.000000,91,100,110,120,150,170,200,240,580,750,760,13800,0,91,96.60431578853235,21.698541007936,759.5257079228759,22.0
1764732454,200,,Aggregated,100.000000,0.000000,91,100,110,120,150,170,200,240,580,750,760,13845,0,91,96.533604153476,21.698541007936,759.5257079228759,22.0
1764732455,200,,Aggregated,94.300000,0.000000,91,100,110,120,150,170,200,240,580,750,760,14000,0,91,96.58615527111604,21.698541007936,759.5257079228759,22.0
1764732456,200,,Aggregated,94.300000,0.000000,91,100,110,120,150,170,200,240,580,750,760,14000,0,91,96.58615527111604,21.698541007936,759.5257079228759,22.0
1764732457,200,,Aggregated,94.200000,0.000000,91,100,110,120,150,170,200,240,580,750,760,14200,0,91,96.5605414880384,21.698541007936,759.5257079228759,22.0
1764732458,200,,Aggregated,94.200000,0.000000,91,100,110,120,150,170,200,240,580,750,760,14200,0,91,96.5605414880384,21.698541007936,759.5257079228759,22.0
1764732459,200,,Aggregated,94.200000,0.000000,91,100,110,120,140,170,200,240,580,750,760,14400,0,91,96.47420886243506,21.698541007936,759.5257079228759,22.0
1764732460,200,,Aggregated,94.200000,0.000000,91,100,110,120,140,170,200,240,580,750,760,14400,0,91,96.47420886243506,21.698541007936,759.5257079228759,22.0
1764732461,200,,Aggregated,93.600000,0.000000,91,100,110,120,150,170,200,230,580,750,760,14600,0,91,96.63731240230446,21.698541007936,759.5257079228759,22.0
1764732462,200,,Aggregated,93.600000,0.000000,91,100,110,120,150,170,200,230,580,750,760,14600,0,91,96.63731240230446,21.698541007936,759.5257079228759,22.0
1764732463,200,,Aggregated,87.400000,0.000000,91,100,110,120,140,170,190,230,580,750,760,14800,0,91,96.39712266017513,21.698541007936,759.5257079228759,22.0
1764732464,200,,Aggregated,87.400000,0.000000,91,100,110,120,140,170,190,230,580,750,760,14800,0,91,96.39712266017513,21.698541007936,759.5257079228759,22.0
1764732465,200,,Aggregated,85.700000,0.000000,91,100,110,120,150,170,190,230,580,750,760,15000,0,91,96.59964685797847,21.698541007936,759.5257079228759,22.0
1764732466,200,,Aggregated,85.700000,0.000000,91,100,110,120,150,170,190,230,580,750,760,15000,0,91,96.59964685797847,21.698541007936,759.5257079228759,22.0
1764732467,200,,Aggregated,85.800000,0.000000,91,100,110,120,140,170,190,230,580,750,760,15148,0,91,96.29804008453875,21.698541007936,759.5257079228759,22.0
1764732468,200,,Aggregated,85.800000,0.000000,91,100,110,120,140,170,190,230,580,750,760,15200,0,91,96.29078413326121,21.698541007936,759.5257079228759,22.0
1764732469,200,,Aggregated,85.800000,0.000000,91,100,110,120,140,170,190,230,580,750,760,15342,0,91,96.47468535182276,21.698541007936,759.5257079228759,22.0
1764732470,200,,Aggregated,85.800000,0.000000,91,100,110,120,140,170,190,230,580,750,760,15400,0,91,96.44683530079443,21.698541007936,759.5257079228759,22.0
1764732471,200,,Aggregated,86.400000,0.000000,91,100,110,120,140,160,190,230,580,750,760,15542,0,91,96.32702587658095,21.698541007936,759.5257079228759,22.0
1764732472,200,,Aggregated,100.000000,0.000000,91,100,110,120,140,160,190,230,580,750,760,15600,0,91,96.32831631780554,21.698541007936,759.5257079228759,22.0
1764732473,200,,Aggregated,98.300000,0.000000,91,100,110,120,140,160,190,230,580,750,760,15742,0,91,96.48609476670792,21.698541007936,759.5257079228759,22.0
1764732474,200,,Aggregated,95.400000,0.000000,92,100,110,120,140,160,190,230,580,750,760,15800,0,92,96.478963820389,21.698541007936,759.5257079228759,22.0
1764732475,200,,Aggregated,100.000000,0.000000,91,100,110,120,140,160,190,230,580,750,760,15941,0,91,96.32913440596327,21.698541007936,759.5257079228759,22.0
1764732476,200,,Aggregated,94.200000,0.000000,91,100,110,120,140,160,190,230,580,750,760,16000,0,91,96.36437629839929,21.698541007936,759.5257079228759,22.0
1764732477,200,,Aggregated,100.000000,0.000000,91,100,110,120,140,160,190,230,580,750,760,16139,0,91,96.4194196859417,21.698541007936,759.5257079228759,22.0
1764732478,200,,Aggregated,94.200000,0.000000,91,100,110,120,140,160,190,230,580,750,760,16200,0,91,96.38031729560254,21.698541007936,759.5257079228759,22.0
1764732479,200,,Aggregated,100.000000,0.000000,91,100,110,120,140,160,190,230,580,750,760,16206,0,91,96.37229665850364,21.698541007936,759.5257079228759,22.0
1764732480,200,,Aggregated,94.200000,0.000000,91,100,110,120,140,160,190,230,580,750,760,16399,0,91,96.46104640934551,21.698541007936,759.5257079228759,22.0
1764732481,200,,Aggregated,94.200000,0.000000,91,100,110,120,140,160,190,230,580,750,760,16400,0,91,96.45915599749281,21.698541007936,759.5257079228759,22.0
1764732482,200,,Aggregated,92.100000,0.000000,92,100,120,120,150,170,210,270,650,750,760,16598,0,92,98.53938889394966,21.698541007936,759.5257079228759,22.0
1764732483,200,,Aggregated,92.100000,0.000000,92,100,120,120,150,170,210,270,650,750,760,16600,0,92,98.56824320950686,21.698541007936,759.5257079228759,22.0
1764732484,200,,Aggregated,84.600000,0.000000,92,100,110,120,150,170,210,270,650,750,760,16798,0,92,98.23846731715592,21.698541007936,759.5257079228759,22.0
1764732485,200,,Aggregated,100.000000,0.000000,92,100,120,120,150,170,210,270,650,750,760,16800,0,92,98.23920504426323,21.698541007936,759.5257079228759,22.0
1764732486,200,,Aggregated,85.800000,0.000000,91,100,110,120,150,170,210,270,650,750,760,16998,0,91,97.80995468486717,21.698541007936,759.5257079228759,22.0
1764732487,200,,Aggregated,99.800000,0.000000,91,100,110,120,150,170,210,270,650,750,760,17000,0,91,97.81019622696262,21.698541007936,759.5257079228759,22.0
1764732488,200,,Aggregated,85.800000,0.000000,91,100,110,120,150,170,210,270,640,750,760,17198,0,91,97.41301430282712,21.698541007936,759.5257079228759,22.0
1764732489,200,,Aggregated,99.800000,0.000000,91,100,110,120,150,170,210,270,640,750,760,17200,0,91,97.41260673331644,21.698541007936,759.5257079228759,22.0
1764732490,200,,Aggregated,85.800000,0.000000,91,100,110,120,150,170,210,260,640,750,760,17392,0,91,97.31425852536758,21.698541007936,759.5257079228759,22.0
1764732491,200,,Aggregated,99.800000,0.000000,91,100,110,120,150,170,210,260,640,750,760,17400,0,91,97.32529589686216,21.698541007936,759.5257079228759,22.0
1764732492,200,,Aggregated,87.900000,0.000000,91,100,110,120,150,170,210,260,640,750,760,17505,0,91,97.30891535899627,21.698541007936,759.5257079228759,22.0
1764732493,200,,Aggregated,99.800000,0.000000,91,100,110,120,150,170,210,260,640,750,760,17600,0,91,97.29389523089843,21.698541007936,759.5257079228759,22.0
1764732494,200,,Aggregated,100.000000,0.000000,91,100,110,120,150,170,210,260,640,750,760,17705,0,91,97.3183725185656,21.698541007936,759.5257079228759,22.0
1764732495,200,,Aggregated,98.300000,0.000000,91,100,110,120,150,170,210,260,640,750,760,17800,0,91,97.32129892692744,21.698541007936,759.5257079228759,22.0
1764732496,200,,Aggregated,100.000000,0.000000,91,100,110,120,150,170,210,260,640,750,760,17905,0,91,97.23244361591512,21.698541007936,759.5257079228759,22.0
1764732497,200,,Aggregated,90.700000,0.000000,91,100,110,120,150,170,210,260,640,750,760,18000,0,91,97.20480558906759,21.698541007936,759.5257079228759,22.0
1764732498,200,,Aggregated,100.000000,0.000000,91,100,110,120,140,170,210,260,630,750,760,18105,0,91,97.22245687311369,21.698541007936,759.5257079228759,22.0
1764732499,200,,Aggregated,90.700000,0.000000,91,100,110,120,140,170,210,260,630,750,760,18200,0,91,97.21214867058814,21.698541007936,759.5257079228759,22.0
1764732500,200,,Aggregated,100.000000,0.000000,91,100,110,120,140,170,210,260,630,750,760,18305,0,91,97.17801581129886,21.698541007936,759.5257079228759,22.0
1764732501,200,,Aggregated,90.700000,0.000000,91,100,110,120,140,170,210,260,630,750,760,18400,0,91,97.16462416264973,21.698541007936,759.5257079228759,22.0
1764732502,200,,Aggregated,100.000000,0.000000,91,100,110,120,140,170,210,260,630,750,760,18493,0,91,97.15180175912063,21.698541007936,759.5257079228759,22.0
1764732503,200,,Aggregated,90.700000,0.000000,91,100,110,120,140,170,210,260,630,750,760,18600,0,91,97.21544434437878,21.698541007936,759.5257079228759,22.0
1764732504,200,,Aggregated,90.700000,0.000000,91,100,110,120,140,170,210,260,630,750,760,18600,0,91,97.21544434437878,21.698541007936,759.5257079228759,22.0
1764732505,200,,Aggregated,91.800000,0.000000,91,100,110,120,140,170,200,260,630,750,760,18798,0,91,97.24053564903649,21.698541007936,759.5257079228759,22.0
1764732506,200,,Aggregated,100.000000,0.000000,91,100,110,120,140,170,200,260,630,750,760,18800,0,91,97.24018927109972,21.698541007936,759.5257079228759,22.0
1764732508,200,,Aggregated,89.500000,0.000000,91,100,110,120,140,170,200,260,630,750,760,18998,0,91,97.10157315044741,21.698541007936,759.5257079228759,22.0
1764732509,200,,Aggregated,99.800000,0.000000,91,100,110,120,140,170,200,260,630,750,760,19000,0,91,97.10025474800435,21.698541007936,759.5257079228759,22.0
1764732510,200,,Aggregated,89.500000,0.000000,91,100,110,120,140,170,200,260,630,750,760,19197,0,91,97.11597617898495,21.698541007936,759.5257079228759,22.0
1764732511,200,,Aggregated,99.800000,0.000000,91,100,110,120,140,170,200,260,630,750,760,19200,0,91,97.14016402556202,21.698541007936,759.5257079228759,22.0
1764732512,200,,Aggregated,89.500000,0.000000,91,100,110,120,140,170,200,260,630,750,760,19396,0,91,97.00149904376347,21.698541007936,759.5257079228759,22.0
1764732513,200,,Aggregated,99.700000,0.000000,91,100,110,120,140,170,200,260,630,750,760,19400,0,91,96.99985135710298,21.698541007936,759.5257079228759,22.0
1764732514,200,,Aggregated,99.600000,0.000000,91,100,110,120,140,160,200,250,630,750,760,19596,0,91,97.08296520757557,21.698541007936,759.5257079228759,22.0
1764732515,200,,Aggregated,99.600000,0.000000,91,100,110,120,140,160,200,250,630,750,760,19600,0,91,97.08211032941591,21.698541007936,759.5257079228759,22.0
1764732516,200,,Aggregated,98.900000,0.000000,91,100,110,120,140,160,200,250,630,750,760,19732,0,91,97.02176360095714,21.698541007936,759.5257079228759,22.0
1764732517,200,,Aggregated,98.900000,0.000000,91,100,110,120,140,160,200,250,630,750,760,19800,0,91,96.98632461084124,21.698541007936,759.5257079228759,22.0
1764732518,200,,Aggregated,100.000000,0.000000,91,100,110,120,140,160,200,250,630,750,760,19904,0,91,96.98132525066423,21.698541007936,759.5257079228759,22.0
1764732519,200,,Aggregated,90.600000,0.000000,91,100,110,120,140,160,200,250,630,750,760,20000,0,91,96.99426784581155,21.698541007936,759.5257079228759,22.0
1764732520,200,,Aggregated,100.000000,0.000000,92,100,110,120,140,160,200,250,630,720,760,20104,0,92,97.00042707107839,21.698541007936,759.5257079228759,22.0
1764732521,200,,Aggregated,90.600000,0.000000,92,100,110,120,140,160,200,250,630,720,760,20200,0,92,97.01283783864548,21.698541007936,759.5257079228759,22.0
1764732522,200,,Aggregated,100.000000,0.000000,92,100,110,120,140,160,200,250,630,720,760,20304,0,92,96.99199613811636,21.698541007936,759.5257079228759,22.0
1764732523,200,,Aggregated,90.700000,0.000000,92,100,110,120,140,160,200,250,630,720,760,20400,0,92,97.00238663617604,21.698541007936,759.5257079228759,22.0
1764732524,200,,Aggregated,100.000000,0.000000,92,100,110,120,140,160,200,250,630,720,760,20504,0,92,97.00945021297544,21.698541007936,759.5257079228759,22.0
1764732525,200,,Aggregated,90.800000,0.000000,92,100,110,120,140,160,200,250,630,720,760,20599,0,92,97.01816707571132,21.698541007936,759.5257079228759,22.0
1764732526,200,,Aggregated,91.500000,0.000000,92,100,110,120,140,160,200,250,630,720,760,20704,0,92,96.99507954251435,21.698541007936,759.5257079228759,22.0
1764732527,200,,Aggregated,99.900000,0.000000,92,100,110,120,140,160,200,250,630,720,760,20799,0,92,96.97434819067297,21.698541007936,759.5257079228759,22.0
1764732528,200,,Aggregated,90.200000,0.000000,92,100,110,120,140,160,200,250,630,720,760,20829,0,92,96.93959633292327,21.698541007936,759.5257079228759,22.0
1764732529,200,,Aggregated,90.200000,0.000000,92,100,110,120,140,160,200,250,630,720,760,20996,0,92,96.88256585684063,21.698541007936,759.5257079228759,22.0
1764732530,200,,Aggregated,99.600000,0.000000,92,100,110,120,140,160,200,250,630,720,760,21000,0,92,96.88087604663312,21.698541007936,759.5257079228759,22.0
1764732531,200,,Aggregated,89.600000,0.000000,92,100,110,120,140,160,200,250,620,720,760,21196,0,92,96.87903565828853,21.698541007936,759.5257079228759,22.0
1764732532,200,,Aggregated,99.600000,0.000000,92,100,110,120,140,160,200,250,620,720,760,21200,0,92,96.87469881392559,21.698541007936,759.5257079228759,22.0
1764732533,200,,Aggregated,89.600000,0.000000,92,100,110,120,140,160,200,250,620,720,760,21396,0,92,96.88723146181708,21.698541007936,759.5257079228759,22.0
1764732534,200,,Aggregated,99.600000,0.000000,92,100,110,120,140,160,200,250,620,720,760,21400,0,92,96.88599790999162,21.698541007936,759.5257079228759,22.0
1764732535,200,,Aggregated,89.600000,0.000000,92,100,110,120,140,160,200,250,620,720,760,21596,0,92,96.90008756194484,21.698541007936,759.5257079228759,22.0
1764732536,200,,Aggregated,99.600000,0.000000,92,100,110,120,140,160,200,250,620,720,760,21600,0,92,96.90026156965932,21.698541007936,759.5257079228759,22.0
1764732537,200,,Aggregated,99.700000,0.000000,92,100,110,120,140,160,200,250,620,720,760,21796,0,92,96.84887167501553,21.698541007936,759.5257079228759,22.0
1764732538,200,,Aggregated,99.700000,0.000000,92,100,110,120,140,160,200,250,620,720,760,21800,0,92,96.84867281480072,21.698541007936,759.5257079228759,22.0
1764732539,200,,Aggregated,91.000000,0.000000,92,100,110,120,140,160,200,250,620,720,760,21996,0,92,96.81833209369356,21.698541007936,759.5257079228759,22.0
1764732540,200,,Aggregated,91.000000,0.000000,92,100,110,120,140,160,200,250,620,720,760,22000,0,92,96.81725738744717,21.698541007936,759.5257079228759,22.0
1764732541,200,,Aggregated,100.000000,0.000000,92,100,110,120,140,160,200,240,620,720,760,22104,0,92,96.82613679772263,21.698541007936,759.5257079228759,22.0
1764732542,200,,Aggregated,90.800000,0.000000,92,100,110,120,140,160,200,250,620,720,760,22200,0,92,97.08896591360073,21.698541007936,759.5257079228759,22.0
1764732543,200,,Aggregated,90.800000,0.000000,92,100,110,120,140,160,200,250,620,720,760,22304,0,92,97.12370836819728,21.698541007936,759.5257079228759,22.0
1764732544,200,,Aggregated,90.800000,0.000000,92,100,110,120,140,160,200,250,620,720,760,22400,0,92,97.03272435010149,21.698541007936,759.5257079228759,22.0
1764732545,200,,Aggregated,90.600000,0.000000,92,100,110,120,140,160,200,250,620,720,760,22504,0,92,96.99572296157181,21.698541007936,759.5257079228759,22.0
1764732546,200,,Aggregated,90.600000,0.000000,92,100,110,120,140,160,200,250,620,720,760,22600,0,92,96.94806995516771,21.698541007936,759.5257079228759,22.0
1764732547,200,,Aggregated,90.600000,0.000000,92,100,110,120,140,160,200,250,620,720,760,22704,0,92,96.90641546952337,21.698541007936,759.5257079228759,22.0
1764732548,200,,Aggregated,100.000000,0.000000,92,100,110,120,140,160,200,250,620,720,760,22800,0,92,96.86067796334228,21.698541007936,759.5257079228759,22.0
1764732549,200,,Aggregated,96.100000,0.000000,92,100,110,120,140,160,200,250,620,720,760,22904,0,92,96.8374555017613,21.698541007936,759.5257079228759,22.0
1764732550,200,,Aggregated,99.200000,0.000000,92,100,110,120,140,160,200,250,620,720,760,23000,0,92,96.77906649206948,21.698541007936,759.5257079228759,22.0
1764732551,200,,Aggregated,89.600000,0.000000,92,100,110,120,140,160,200,250,590,720,760,23102,0,92,96.76839354389949,21.698541007936,759.5257079228759,22.0
1764732552,200,,Aggregated,99.100000,0.000000,92,100,110,120,140,160,200,250,590,720,760,23200,0,92,96.77038908356013,21.698541007936,759.5257079228759,22.0
1764732553,200,,Aggregated,99.100000,0.000000,92,100,110,120,140,160,200,250,590,720,760,23200,0,92,96.77038908356013,21.698541007936,759.5257079228759,22.0
1764732554,200,,Aggregated,89.600000,0.000000,92,100,110,120,140,160,200,250,590,720,760,23390,0,92,96.72959927078189,21.698541007936,759.5257079228759,22.0
1764732555,200,,Aggregated,99.100000,0.000000,92,100,110,120,140,160,200,250,590,720,760,23400,0,92,96.74639767032359,21.698541007936,759.5257079228759,22.0
1764732556,200,,Aggregated,89.800000,0.000000,92,100,110,120,140,160,200,250,590,720,760,23590,0,92,96.7294939797693,21.698541007936,759.5257079228759,22.0
1764732557,200,,Aggregated,99.000000,0.000000,92,100,110,120,140,160,200,250,590,720,760,23600,0,92,96.72827531706436,21.698541007936,759.5257079228759,22.0
1764732558,200,,Aggregated,99.000000,0.000000,92,100,110,120,140,160,200,250,590,720,760,23788,0,92,96.77904696971792,21.698541007936,759.5257079228759,22.0
1764732559,200,,Aggregated,99.000000,0.000000,92,100,110,120,140,160,200,250,590,720,760,23800,0,92,96.81973041944057,21.698541007936,759.5257079228759,22.0
1764732560,200,,Aggregated,93.700000,0.000000,92,100,110,120,140,160,200,250,590,720,760,23988,0,92,96.699420431343,21.698541007936,759.5257079228759,22.0
1764732561,200,,Aggregated,93.700000,0.000000,92,100,110,120,140,160,200,250,590,720,760,24000,0,92,96.70322524016471,21.698541007936,759.5257079228759,22.0
1764732562,200,,Aggregated,91.300000,0.000000,92,100,110,120,140,160,200,250,590,720,760,24187,0,92,96.7338024805561,21.698541007936,759.5257079228759,22.0
1764732563,200,,Aggregated,91.300000,0.000000,92,100,110,120,140,160,200,250,590,720,760,24200,0,92,96.74040616102698,21.698541007936,759.5257079228759,22.0
1764732564,200,,Aggregated,91.300000,0.000000,92,100,110,120,140,160,200,250,590,720,760,24384,0,92,96.78290803315618,21.698541007936,759.5257079228759,22.0
1764732565,200,,Aggregated,91.300000,0.000000,92,100,110,120,140,160,200,250,590,720,760,24400,0,92,96.77835883124689,21.698541007936,759.5257079228759,22.0
1764732566,200,,Aggregated,91.300000,0.000000,92,100,110,120,140,160,200,250,590,720,760,24503,0,92,96.8030011385752,21.698541007936,759.5257079228759,22.0
1764732567,200,,Aggregated,91.300000,0.000000,92,100,110,120,140,160,200,250,590,720,760,24600,0,92,96.78828905055931,21.698541007936,759.5257079228759,22.0
1764732568,200,,Aggregated,90.900000,0.000000,92,100,110,120,140,160,190,250,590,720,760,24703,0,92,96.76829861678698,21.698541007936,759.5257079228759,22.0
1764732569,200,,Aggregated,90.900000,0.000000,92,100,110,120,140,160,190,250,590,720,760,24800,0,92,96.77175784382628,21.698541007936,759.5257079228759,22.0
1764732570,200,,Aggregated,96.600000,0.000000,92,100,110,120,140,160,190,240,590,720,760,24903,0,92,96.74908766447908,21.698541007936,759.5257079228759,22.0
1764732571,200,,Aggregated,100.000000,0.000000,92,100,110,120,140,160,190,240,590,720,760,25000,0,92,96.75089903604704,21.698541007936,759.5257079228759,22.0
1764732572,200,,Aggregated,89.600000,0.000000,92,100,110,120,140,160,190,240,590,720,760,25102,0,92,96.7451407068173,21.698541007936,759.5257079228759,22.0
1764732573,200,,Aggregated,98.800000,0.000000,92,100,110,120,140,160,190,240,590,720,760,25200,0,92,96.75039128732077,21.698541007936,759.5257079228759,22.0
1764732574,200,,Aggregated,89.600000,0.000000,92,100,110,120,140,160,190,240,590,720,760,25302,0,92,96.75661011945242,21.698541007936,759.5257079228759,22.0
1764732575,200,,Aggregated,98.800000,0.000000,92,100,110,120,140,160,190,240,590,720,760,25400,0,92,96.75507469611485,21.698541007936,759.5257079228759,22.0
1764732576,200,,Aggregated,89.700000,0.000000,92,100,110,120,140,160,190,240,590,720,760,25500,0,92,96.70922779865727,21.698541007936,759.5257079228759,22.0
1764732577,200,,Aggregated,98.800000,0.000000,92,100,110,120,140,160,190,240,590,720,760,25600,0,92,96.70757474417314,21.698541007936,759.5257079228759,22.0
1764732578,200,,Aggregated,98.800000,0.000000,92,100,110,120,140,160,190,240,590,720,760,25600,0,92,96.70757474417314,21.698541007936,759.5257079228759,22.0
1764732579,200,,Aggregated,98.700000,0.000000,92,100,110,120,140,160,190,240,590,720,760,25788,0,92,96.66161937522648,21.698541007936,759.5257079228759,22.0
1764732580,200,,Aggregated,98.700000,0.000000,92,100,110,120,140,160,190,240,590,720,760,25800,0,92,96.6648653483825,21.698541007936,759.5257079228759,22.0
1764732581,200,,Aggregated,98.700000,0.000000,92,100,110,120,140,160,190,240,590,720,760,25987,0,92,96.66452967451866,21.698541007936,759.5257079228759,22.0
1764732582,200,,Aggregated,98.700000,0.000000,92,100,110,120,140,160,190,240,590,720,760,26000,0,92,96.68888199284153,21.698541007936,759.5257079228759,22.0
1764732583,200,,Aggregated,91.400000,0.000000,92,100,110,120,140,160,190,240,580,720,760,26187,0,92,96.71696835170408,21.698541007936,759.5257079228759,22.0
1764732584,200,,Aggregated,91.400000,0.000000,92,100,110,120,140,160,190,240,580,720,760,26200,0,92,96.71219223023407,21.698541007936,759.5257079228759,22.0
1764732585,200,,Aggregated,91.400000,0.000000,92,100,110,120,140,160,190,240,580,720,760,26387,0,92,96.69976447250055,21.698541007936,759.5257079228759,22.0
1764732586,200,,Aggregated,91.400000,0.000000,92,100,110,120,140,160,190,240,580,720,760,26400,0,92,96.70082926795162,21.698541007936,759.5257079228759,22.0
1764732587,200,,Aggregated,91.300000,0.000000,92,100,110,120,140,160,190,240,580,720,760,26586,0,92,96.6671778808098,21.698541007936,759.5257079228759,22.0
1764732588,200,,Aggregated,91.300000,0.000000,92,100,110,120,140,160,190,240,580,720,760,26600,0,92,96.67283788432815,21.698541007936,759.5257079228759,22.0
1764732589,200,,Aggregated,91.400000,0.000000,92,100,110,120,140,160,190,240,580,720,760,26769,0,92,96.66759038475084,21.698541007936,759.5257079228759,22.0
1764732590,200,,Aggregated,91.400000,0.000000,92,100,110,120,140,160,190,240,580,720,760,26800,0,92,96.68100701060769,21.698541007936,759.5257079228759,22.0
1764732591,200,,Aggregated,91.400000,0.000000,92,100,110,120,140,160,190,240,580,720,760,26902,0,92,96.68227593844212,21.698541007936,759.5257079228759,22.0
1764732592,200,,Aggregated,100.000000,0.000000,92,100,110,120,140,160,190,240,580,720,760,27000,0,92,96.6976218860105,21.698541007936,759.5257079228759,22.0
1764732593,200,,Aggregated,89.800000,0.000000,92,100,110,120,140,160,190,240,580,720,760,27102,0,92,96.69928383831106,21.698541007936,759.5257079228759,22.0
1764732594,200,,Aggregated,98.700000,0.000000,92,100,110,120,140,160,190,240,580,720,760,27200,0,92,96.66061622416343,21.698541007936,759.5257079228759,22.0
1764732595,200,,Aggregated,89.800000,0.000000,92,100,110,120,140,160,190,240,580,720,760,27302,0,92,96.61886691476,21.698541007936,759.5257079228759,22.0
1764732596,200,,Aggregated,98.700000,0.000000,92,100,110,120,140,160,190,240,580,720,760,27400,0,92,96.61914467789916,21.698541007936,759.5257079228759,22.0
1764732597,200,,Aggregated,89.900000,0.000000,92,100,110,120,140,160,190,240,580,720,760,27502,0,92,96.6374256012999,21.698541007936,759.5257079228759,22.0
1764732598,200,,Aggregated,98.700000,0.000000,92,100,110,120,140,160,190,240,580,720,760,27600,0,92,96.63233168958855,21.698541007936,759.5257079228759,22.0
1764732599,200,,Aggregated,89.900000,0.000000,92,100,110,120,140,160,190,240,580,720,760,27701,0,92,96.60350127726325,21.698541007936,759.5257079228759,22.0
1764732600,200,,Aggregated,98.700000,0.000000,92,100,110,120,140,160,190,240,580,720,760,27800,0,92,96.76641338444968,21.698541007936,759.5257079228759,22.0
1764732601,200,,Aggregated,89.900000,0.000000,92,100,110,120,140,160,190,240,580,720,760,27815,0,92,96.7637800064322,21.698541007936,759.5257079228759,22.0
1764732602,200,,Aggregated,93.900000,0.000000,93,100,110,120,140,160,200,270,660,1100,1100,27989,0,93,98.03312217325062,21.698541007936,1098.348499974236,22.0
1764732603,200,,Aggregated,93.900000,0.000000,93,100,110,120,140,160,200,270,660,1100,1100,28000,0,93,98.04262882618683,21.698541007936,1098.348499974236,22.0
1764732604,200,,Aggregated,90.000000,0.000000,92,100,110,120,140,160,200,270,660,1100,1100,28172,0,92,97.83828391685813,21.698541007936,1098.348499974236,22.0
1764732605,200,,Aggregated,90.000000,0.000000,92,100,110,120,140,160,200,270,660,1100,1100,28200,0,92,97.83921770861286,21.698541007936,1098.348499974236,22.0
1764732606,200,,Aggregated,88.500000,0.000000,92,100,110,120,140,160,200,270,660,1100,1100,28372,0,92,97.68130579935851,21.04966703336686,1098.348499974236,22.0
1764732607,200,,Aggregated,88.500000,0.000000,92,100,110,120,140,160,200,270,660,1100,1100,28400,0,92,97.67547430505019,21.04966703336686,1098.348499974236,22.0
1764732608,200,,Aggregated,88.500000,0.000000,92,100,110,120,140,160,200,270,660,1100,1100,28572,0,92,97.53183845650177,21.04966703336686,1098.348499974236,22.0
1764732609,200,,Aggregated,88.500000,0.000000,92,100,110,120,140,160,200,270,660,1100,1100,28600,0,92,97.53746091658037,21.04966703336686,1098.348499974236,22.0
1764732610,200,,Aggregated,88.500000,0.000000,92,100,110,120,140,160,200,270,660,1100,1100,28770,0,92,97.42699059939221,21.04966703336686,1098.348499974236,22.0
1764732611,200,,Aggregated,88.500000,0.000000,92,100,110,120,140,160,200,270,660,1100,1100,28800,0,92,97.43841699085654,21.04966703336686,1098.348499974236,22.0
1764732612,200,,Aggregated,93.000000,0.000000,92,100,110,120,140,160,200,270,660,1100,1100,28970,0,92,97.33433147794626,21.04966703336686,1098.348499974236,22.0
1764732613,200,,Aggregated,100.000000,0.000000,92,100,110,120,140,160,200,270,660,1100,1100,29000,0,92,97.33163904446852,21.04966703336686,1098.348499974236,22.0
1764732614,200,,Aggregated,95.400000,0.000000,92,100,110,120,140,160,200,260,660,1100,1100,29088,0,92,97.32124697742815,21.04966703336686,1098.348499974236,22.0
1764732615,200,,Aggregated,97.100000,0.000000,92,100,110,120,140,160,200,260,660,1100,1100,29200,0,92,97.35003383118939,21.04966703336686,1098.348499974236,22.0
1764732616,200,,Aggregated,92.800000,0.000000,92,100,110,120,140,160,200,260,660,1100,1100,29272,0,92,97.33147292465716,21.04966703336686,1098.348499974236,22.0
1764732617,200,,Aggregated,97.100000,0.000000,92,100,110,120,140,160,200,260,660,1100,1100,29400,0,92,97.32643016111929,21.04966703336686,1098.348499974236,22.0
1764732618,200,,Aggregated,92.800000,0.000000,92,100,110,120,140,160,200,260,660,1100,1100,29472,0,92,97.31957954823216,21.04966703336686,1098.348499974236,22.0
1764732619,200,,Aggregated,97.100000,0.000000,92,100,110,120,140,160,200,260,660,1100,1100,29600,0,92,97.31998679869199,21.04966703336686,1098.348499974236,22.0
1764732620,200,,Aggregated,92.800000,0.000000,92,100,110,120,140,160,200,260,660,1100,1100,29671,0,92,97.33462845572329,21.04966703336686,1098.348499974236,22.0
1764732621,200,,Aggregated,97.100000,0.000000,92,100,110,120,140,160,200,260,660,1100,1100,29800,0,92,97.31598861282691,21.04966703336686,1098.348499974236,22.0
1764732622,200,,Aggregated,93.100000,0.000000,92,100,110,120,140,160,200,260,660,1100,1100,29871,0,92,97.29495931790716,21.04966703336686,1098.348499974236,22.0
1764732623,200,,Aggregated,97.100000,0.000000,92,100,110,120,140,160,200,260,660,1100,1100,30000,0,92,97.29002924438488,21.04966703336686,1098.348499974236,22.0
1764732624,200,,Aggregated,95.900000,0.000000,92,100,110,120,140,160,200,260,650,900,1100,30070,0,92,97.2837619664114,21.04966703336686,1098.348499974236,22.0
1764732625,200,,Aggregated,90.700000,0.000000,92,100,110,120,140,160,200,260,650,900,1100,30200,0,92,97.2918619302106,21.04966703336686,1098.348499974236,22.0
1764732626,200,,Aggregated,100.000000,0.000000,92,100,110,120,140,160,200,260,650,900,1100,30252,0,92,97.27593289153363,21.04966703336686,1098.348499974236,22.0
1764732627,200,,Aggregated,90.000000,0.000000,92,100,110,120,140,160,200,260,650,900,1100,30371,0,92,97.28040938722805,21.04966703336686,1098.348499974236,22.0
1764732628,200,,Aggregated,90.000000,0.000000,92,100,110,120,140,160,200,260,650,900,1100,30400,0,92,97.29445225181973,21.04966703336686,1098.348499974236,22.0
1764732629,200,,Aggregated,90.000000,0.000000,92,100,110,120,140,160,200,260,650,900,1100,30571,0,92,97.26323542336657,21.04966703336686,1098.348499974236,22.0
1764732630,200,,Aggregated,90.000000,0.000000,92,100,110,120,140,160,200,260,650,900,1100,30600,0,92,97.2378016911444,21.04966703336686,1098.348499974236,22.0
1764732631,200,,Aggregated,90.000000,0.000000,92,100,110,120,140,160,200,260,650,900,1100,30771,0,92,97.2156726180688,21.04966703336686,1098.348499974236,22.0
1764732632,200,,Aggregated,90.000000,0.000000,92,100,110,120,140,160,200,260,650,900,1100,30800,0,92,97.21459076316519,21.04966703336686,1098.348499974236,22.0
1764732633,200,,Aggregated,90.000000,0.000000,92,100,110,120,140,160,200,260,650,900,1100,30971,0,92,97.24070238583789,21.04966703336686,1098.348499974236,22.0
1764732634,200,,Aggregated,100.000000,0.000000,92,100,110,120,140,160,200,260,650,900,1100,31000,0,92,97.24296667645385,21.04966703336686,1098.348499974236,22.0
1764732635,200,,Aggregated,99.300000,0.000000,92,100,110,120,140,160,200,260,650,900,1100,31171,0,92,97.21207233394387,21.04966703336686,1098.348499974236,22.0
1764732636,200,,Aggregated,98.300000,0.000000,92,100,110,120,140,160,200,260,650,900,1100,31200,0,92,97.21158659103915,21.04966703336686,1098.348499974236,22.0
1764732637,200,,Aggregated,92.900000,0.000000,92,100,110,120,140,160,190,260,650,900,1100,31368,0,92,97.18229689401852,21.04966703336686,1098.348499974236,22.0
1764732638,200,,Aggregated,97.100000,0.000000,92,100,110,120,140,160,190,260,650,900,1100,31400,0,92,97.1898598066319,21.04966703336686,1098.348499974236,22.0
1764732639,200,,Aggregated,92.900000,0.000000,92,100,110,120,140,160,190,260,650,900,1100,31472,0,92,97.18868803784741,21.04966703336686,1098.348499974236,22.0
1764732640,200,,Aggregated,97.100000,0.000000,92,100,110,120,140,160,190,260,650,900,1100,31600,0,92,97.20891243035469,21.04966703336686,1098.348499974236,22.0
1764732641,200,,Aggregated,92.900000,0.000000,93,100,110,120,140,160,190,260,650,900,1100,31671,0,93,97.21348071074314,21.04966703336686,1098.348499974236,22.0
1764732642,200,,Aggregated,97.000000,0.000000,93,100,110,120,140,160,190,260,650,900,1100,31800,0,93,97.19618293264172,21.04966703336686,1098.348499974236,22.0
1764732643,200,,Aggregated,92.900000,0.000000,93,100,110,120,140,160,190,260,650,900,1100,31871,0,93,97.20360258971216,21.04966703336686,1098.348499974236,22.0
1764732644,200,,Aggregated,97.000000,0.000000,93,100,110,120,140,160,190,260,650,900,1100,32000,0,93,97.22554980119457,21.04966703336686,1098.348499974236,22.0
1764732645,200,,Aggregated,92.900000,0.000000,93,100,110,120,140,160,190,260,640,900,1100,32071,0,93,97.21167763478748,21.04966703336686,1098.348499974236,22.0
1764732646,200,,Aggregated,94.900000,0.000000,93,100,110,120,140,160,190,260,640,900,1100,32200,0,93,97.1833743455441,21.04966703336686,1098.348499974236,22.0
1764732647,200,,Aggregated,100.000000,0.000000,93,100,110,120,140,160,190,260,640,900,1100,32270,0,93,97.19731033109977,21.04966703336686,1098.348499974236,22.0
1764732648,200,,Aggregated,90.000000,0.000000,93,100,110,120,140,160,190,260,640,900,1100,32400,0,93,97.22696670930024,21.04966703336686,1098.348499974236,22.0
1764732649,200,,Aggregated,100.000000,0.000000,93,100,110,120,140,160,190,260,640,900,1100,32469,0,93,97.19375009139185,21.04966703336686,1098.348499974236,22.0
1764732650,200,,Aggregated,90.000000,0.000000,93,100,110,120,140,160,190,260,640,900,1100,32600,0,93,97.16244865439195,21.04966703336686,1098.348499974236,22.0
1764732651,200,,Aggregated,100.000000,0.000000,93,100,110,120,140,160,190,260,640,900,1100,32609,0,93,97.15494554188655,21.04966703336686,1098.348499974236,22.0
1764732652,200,,Aggregated,90.100000,0.000000,93,100,110,120,130,160,190,260,640,900,1100,32769,0,93,97.15309685122135,21.04966703336686,1098.348499974236,22.0
1764732653,200,,Aggregated,90.100000,0.000000,93,100,110,120,130,160,190,260,640,900,1100,32800,0,93,97.15096716490423,21.04966703336686,1098.348499974236,22.0
1764732654,200,,Aggregated,89.900000,0.000000,93,100,110,120,130,160,190,260,640,900,1100,32969,0,93,97.13077444744603,21.04966703336686,1098.348499974236,22.0
1764732655,200,,Aggregated,100.000000,0.000000,93,100,110,120,130,160,190,260,640,900,1100,33000,0,93,97.12796644473477,21.04966703336686,1098.348499974236,22.0
1764732656,200,,Aggregated,93.700000,0.000000,93,100,110,120,130,160,190,250,640,900,1100,33169,0,93,97.12770002134914,21.04966703336686,1098.348499974236,22.0
1764732657,200,,Aggregated,99.900000,0.000000,93,100,110,120,130,160,190,250,640,900,1100,33200,0,93,97.12502591010023,21.04966703336686,1098.348499974236,22.0
1764732658,200,,Aggregated,92.900000,0.000000,93,100,110,120,130,160,190,250,640,900,1100,33368,0,93,97.1068665030153,21.04966703336686,1098.348499974236,22.0
1764732659,200,,Aggregated,96.900000,0.000000,93,100,110,120,130,160,190,250,640,900,1100,33400,0,93,97.10620003645755,21.04966703336686,1098.348499974236,22.0
1764732660,200,,Aggregated,92.900000,0.000000,93,100,110,120,130,160,190,250,640,900,1100,33568,0,93,97.11871457841718,21.04966703336686,1098.348499974236,22.0
1764732661,200,,Aggregated,96.900000,0.000000,93,100,110,120,130,160,190,250,640,900,1100,33600,0,93,97.12811179479884,21.04966703336686,1098.348499974236,22.0
1764732662,200,,Aggregated,92.900000,0.000000,93,100,110,120,130,160,190,250,640,900,1100,33741,0,93,97.19225409405048,21.04966703336686,1098.348499974236,22.0
1764732663,200,,Aggregated,96.900000,0.000000,93,100,110,120,130,160,190,260,640,900,1100,33800,0,93,97.25453059334369,21.04966703336686,1098.348499974236,22.0
1764732664,200,,Aggregated,93.100000,0.000000,93,100,110,120,130,160,190,260,640,900,1100,33870,0,93,97.20146530768747,21.04966703336686,1098.348499974236,22.0
1764732665,200,,Aggregated,96.300000,0.000000,93,100,110,120,130,160,190,250,640,900,1100,34000,0,93,97.15548633127337,21.04966703336686,1098.348499974236,22.0
1764732666,200,,Aggregated,93.100000,0.000000,93,100,110,120,130,160,190,250,630,900,1100,34070,0,93,97.1284951574753,21.04966703336686,1098.348499974236,22.0
1764732667,200,,Aggregated,95.300000,0.000000,93,100,110,120,130,160,190,250,630,900,1100,34200,0,93,97.0668200647039,21.04966703336686,1098.348499974236,22.0
1764732668,200,,Aggregated,100.000000,0.000000,93,100,110,120,130,160,190,250,630,900,1100,34270,0,93,97.04662938917511,21.04966703336686,1098.348499974236,22.0
1764732669,200,,Aggregated,90.100000,0.000000,93,100,110,120,130,160,190,250,630,900,1100,34400,0,93,97.02949990064575,21.04966703336686,1098.348499974236,22.0
1764732670,200,,Aggregated,100.000000,0.000000,93,100,110,120,130,160,190,250,630,900,1100,34470,0,93,97.02370703004694,21.04966703336686,1098.348499974236,22.0
1764732671,200,,Aggregated,90.100000,0.000000,93,100,110,120,130,160,190,250,630,900,1100,34600,0,93,97.02928381617723,21.04966703336686,1098.348499974236,22.0
1764732672,200,,Aggregated,100.000000,0.000000,93,100,110,120,130,160,190,250,630,900,1100,34670,0,93,97.01863403509905,21.04966703336686,1098.348499974236,22.0
1764732673,200,,Aggregated,90.100000,0.000000,93,100,110,120,130,160,190,250,630,900,1100,34800,0,93,97.00146825187947,21.04966703336686,1098.348499974236,22.0
1764732674,200,,Aggregated,100.000000,0.000000,93,100,110,120,130,160,190,250,630,900,1100,34862,0,93,97.00712086819048,21.04966703336686,1098.348499974236,22.0
1764732675,200,,Aggregated,90.700000,0.000000,93,100,110,120,130,160,190,250,630,900,1100,34993,0,93,97.0221462591897,21.04966703336686,1098.348499974236,22.0
1764732676,200,,Aggregated,90.700000,0.000000,93,100,110,120,130,160,190,250,630,900,1100,35000,0,93,97.02615662276345,21.04966703336686,1098.348499974236,22.0
1764732677,200,,Aggregated,91.800000,0.000000,93,100,110,120,130,160,190,250,630,900,1100,35168,0,93,96.98212313868382,21.04966703336686,1098.348499974236,22.0
1764732678,200,,Aggregated,100.000000,0.000000,93,100,110,120,130,160,190,250,630,900,1100,35200,0,93,96.97097735197366,21.04966703336686,1098.348499974236,22.0
1764732680,200,,Aggregated,94.300000,0.000000,93,100,110,120,130,160,190,250,630,900,1100,35368,0,93,96.96112766716587,21.04966703336686,1098.348499974236,22.0
1764732681,200,,Aggregated,96.800000,0.000000,93,100,110,120,130,160,190,250,630,900,1100,35400,0,93,96.9551611086255,21.04966703336686,1098.348499974236,22.0
1764732682,200,,Aggregated,93.000000,0.000000,93,100,110,120,130,150,190,250,630,900,1100,35568,0,93,96.9548020080545,21.04966703336686,1098.348499974236,22.0
1764732683,200,,Aggregated,96.800000,0.000000,93,100,110,120,130,150,190,250,630,900,1100,35600,0,93,96.95819824053369,21.04966703336686,1098.348499974236,22.0
1764732684,200,,Aggregated,93.000000,0.000000,93,100,110,120,130,150,190,250,630,900,1100,35768,0,93,96.94159939011426,21.04966703336686,1098.348499974236,22.0
1764732685,200,,Aggregated,96.800000,0.000000,93,100,110,120,130,150,190,250,630,900,1100,35800,0,93,96.93155426413013,21.04966703336686,1098.348499974236,22.0
1764732686,200,,Aggregated,93.000000,0.000000,93,100,110,120,130,150,190,250,630,900,1100,35968,0,93,96.91834401517916,21.04966703336686,1098.348499974236,22.0
1764732687,200,,Aggregated,96.800000,0.000000,93,100,110,120,130,150,190,250,630,900,1100,36000,0,93,96.91995399176893,21.04966703336686,1098.348499974236,22.0
1764732688,200,,Aggregated,96.800000,0.000000,93,100,110,120,130,150,190,250,630,900,1100,36147,0,93,96.91665223132594,21.04966703336686,1098.348499974236,22.0
1764732689,200,,Aggregated,96.800000,0.000000,93,100,110,120,130,150,190,250,630,900,1100,36200,0,93,96.93103176779924,21.04966703336686,1098.348499974236,22.0
1764732690,200,,Aggregated,98.700000,0.000000,93,100,110,120,130,150,190,250,630,900,1100,36270,0,93,96.92675139096255,21.04966703336686,1098.348499974236,22.0
1764732691,200,,Aggregated,90.200000,0.000000,93,100,110,120,130,150,190,250,630,900,1100,36400,0,93,96.88918972610506,21.04966703336686,1098.348499974236,22.0
1764732692,200,,Aggregated,100.000000,0.000000,93,100,110,120,130,150,190,250,630,900,1100,36469,0,93,96.88335581565508,21.04966703336686,1098.348499974236,22.0
1764732693,200,,Aggregated,90.200000,0.000000,93,100,110,120,130,150,190,250,630,900,1100,36600,0,93,96.88927158891144,21.04966703336686,1098.348499974236,22.0
1764732694,200,,Aggregated,100.000000,0.000000,93,100,110,120,130,150,190,250,630,900,1100,36669,0,93,96.89645784781868,21.04966703336686,1098.348499974236,22.0
1764732695,200,,Aggregated,90.100000,0.000000,93,100,110,120,130,150,190,250,630,900,1100,36800,0,93,96.90422273096097,21.04966703336686,1098.348499974236,22.0
1764732696,200,,Aggregated,100.000000,0.000000,93,100,110,120,130,150,190,250,630,900,1100,36869,0,93,96.90178369360599,21.04966703336686,1098.348499974236,22.0
1764732697,200,,Aggregated,90.100000,0.000000,93,100,110,120,130,150,190,250,630,900,1100,37000,0,93,96.87294635578763,21.04966703336686,1098.348499974236,22.0
1764732698,200,,Aggregated,90.100000,0.000000,93,100,110,120,130,150,190,250,630,900,1100,37069,0,93,96.87441361159145,21.04966703336686,1098.348499974236,22.0
1764732699,200,,Aggregated,100.000000,0.000000,93,100,110,120,130,150,190,250,630,900,1100,37200,0,93,96.86391793798545,21.04966703336686,1098.348499974236,22.0
1764732700,200,,Aggregated,98.800000,0.000000,93,100,110,120,130,150,190,250,630,900,1100,37269,0,93,96.85397587925726,21.04966703336686,1098.348499974236,22.0
1764732701,200,,Aggregated,96.900000,0.000000,93,100,110,120,130,150,190,250,630,900,1100,37400,0,93,96.8429881640253,21.04966703336686,1098.348499974236,22.0
1764732702,200,,Aggregated,93.000000,0.000000,93,100,110,120,130,150,190,250,630,900,1100,37419,0,93,96.83313248065652,21.04966703336686,1098.348499974236,22.0
1764732703,200,,Aggregated,93.000000,0.000000,93,100,110,120,130,150,190,250,630,900,1100,37568,0,93,96.84838018737966,21.04966703336686,1098.348499974236,22.0
1764732704,200,,Aggregated,96.800000,0.000000,93,100,110,120,130,150,190,250,630,900,1100,37600,0,93,96.83984093766838,21.04966703336686,1098.348499974236,22.0
1764732705,200,,Aggregated,93.100000,0.000000,93,100,110,120,130,150,190,240,630,900,1100,37767,0,93,96.82524455262686,21.04966703336686,1098.348499974236,22.0
1764732706,200,,Aggregated,96.800000,0.000000,93,100,110,120,130,150,190,240,630,900,1100,37800,0,93,96.83180841095573,21.04966703336686,1098.348499974236,22.0
1764732707,200,,Aggregated,93.100000,0.000000,93,100,110,120,130,150,190,240,630,900,1100,37966,0,93,96.79148088687846,21.04966703336686,1098.348499974236,22.0
1764732708,200,,Aggregated,96.700000,0.000000,93,100,110,120,130,150,190,240,630,900,1100,38000,0,93,96.79850654323941,21.04966703336686,1098.348499974236,22.0
1764732709,200,,Aggregated,96.600000,0.000000,93,100,110,120,130,150,190,240,620,900,1100,38166,0,93,96.82022999119845,21.04966703336686,1098.348499974236,22.0
1764732710,200,,Aggregated,96.600000,0.000000,93,100,110,120,130,150,190,240,620,900,1100,38200,0,93,96.82834891170563,21.04966703336686,1098.348499974236,22.0
1764732711,200,,Aggregated,91.800000,0.000000,93,100,110,120,130,150,190,240,620,900,1100,38366,0,93,96.804212056653,21.04966703336686,1098.348499974236,22.0
1764732712,200,,Aggregated,91.800000,0.000000,93,100,110,120,130,150,190,240,620,900,1100,38400,0,93,96.79440580011942,21.04966703336686,1098.348499974236,22.0
1764732713,200,,Aggregated,90.100000,0.000000,93,100,110,120,130,150,190,240,620,900,1100,38566,0,93,96.77911295508272,21.04966703336686,1098.348499974236,22.0
1764732714,200,,Aggregated,90.100000,0.000000,93,100,110,120,130,150,190,240,620,900,1100,38600,0,93,96.7777463842643,21.04966703336686,1098.348499974236,22.0
1764732715,200,,Aggregated,90.100000,0.000000,93,100,110,120,130,150,190,240,620,900,1100,38688,0,93,96.76696055113806,21.04966703336686,1098.348499974236,22.0
1764732716,200,,Aggregated,90.100000,0.000000,93,100,110,120,130,150,190,240,620,900,1100,38800,0,93,96.76476386735773,21.04966703336686,1098.348499974236,22.0
1764732717,200,,Aggregated,100.000000,0.000000,93,100,110,120,130,150,190,240,620,900,1100,38869,0,93,96.7686670100425,21.04966703336686,1098.348499974236,22.0
1764732718,200,,Aggregated,90.200000,0.000000,93,100,110,120,130,150,190,240,620,900,1100,39000,0,93,96.77194357631753,21.04966703336686,1098.348499974236,22.0
1764732719,200,,Aggregated,90.300000,0.000000,93,100,110,120,130,150,190,240,620,900,1100,39069,0,93,96.76603536094098,21.04966703336686,1098.348499974236,22.0
1764732720,200,,Aggregated,100.000000,0.000000,93,100,110,120,130,150,190,240,620,900,1100,39200,0,93,96.7931545029658,21.04966703336686,1098.348499974236,22.0
1764732721,200,,Aggregated,97.900000,0.000000,93,100,110,120,130,150,190,240,620,900,1100,39269,0,93,96.79548271471359,21.04966703336686,1098.348499974236,22.0
1764732722,200,,Aggregated,97.100000,0.000000,93,100,110,120,130,150,190,250,620,900,1100,39400,0,93,96.96329422416532,21.04966703336686,1098.348499974236,22.0
1764732723,200,,Aggregated,93.100000,0.000000,93,100,110,120,130,150,190,250,620,900,1100,39467,0,93,96.96972000491671,21.04966703336686,1098.348499974236,22.0
1764732724,200,,Aggregated,96.200000,0.000000,93,100,110,120,130,150,190,250,620,900,1100,39600,0,93,96.93657569083352,21.04966703336686,1098.348499974236,22.0
1764732725,200,,Aggregated,93.100000,0.000000,93,100,110,120,130,150,190,250,620,900,1100,39667,0,93,96.91563098171636,21.04966703336686,1098.348499974236,22.0
1764732726,200,,Aggregated,95.800000,0.000000,93,100,110,120,130,150,190,250,620,900,1100,39798,0,93,96.8805626493635,21.04966703336686,1098.348499974236,22.0
1764732727,200,,Aggregated,93.100000,0.000000,93,100,110,120,130,150,190,250,620,900,1100,39847,0,93,96.87011151263557,21.04966703336686,1098.348499974236,22.0
1764732728,200,,Aggregated,95.700000,0.000000,93,100,110,120,130,150,190,250,620,900,1100,39963,0,93,96.88906469800314,21.04966703336686,1098.348499974236,22.0
1764732729,200,,Aggregated,95.700000,0.000000,93,100,110,120,130,150,190,250,620,900,1100,40000,0,93,96.88275632984588,21.04966703336686,1098.348499974236,22.0
1764732730,200,,Aggregated,95.300000,0.000000,93,100,110,120,130,150,190,250,620,880,1100,40158,0,93,96.81591193915663,21.04966703336686,1098.348499974236,22.0
1764732731,200,,Aggregated,95.300000,0.000000,93,100,110,120,130,150,190,250,620,880,1100,40200,0,93,96.8071940916953,21.04966703336686,1098.348499974236,22.0
1764732732,200,,Aggregated,96.600000,0.000000,93,100,110,120,130,150,190,240,620,880,1100,40358,0,93,96.7742852363137,21.04966703336686,1098.348499974236,22.0
1764732733,200,,Aggregated,96.600000,0.000000,93,100,110,120,130,150,190,240,620,880,1100,40400,0,93,96.7644338424192,21.04966703336686,1098.348499974236,22.0
1764732734,200,,Aggregated,90.600000,0.000000,93,100,110,120,130,150,190,240,620,880,1100,40558,0,93,96.73999774566461,21.04966703336686,1098.348499974236,22.0
1764732735,200,,Aggregated,90.600000,0.000000,93,100,110,120,130,150,190,240,620,880,1100,40600,0,93,96.73958585136215,21.04966703336686,1098.348499974236,22.0
1764732736,200,,Aggregated,91.000000,0.000000,93,100,110,120,130,150,190,240,620,880,1100,40757,0,93,96.74313636579726,21.04966703336686,1098.348499974236,22.0
1764732737,200,,Aggregated,91.000000,0.000000,93,100,110,120,130,150,190,240,620,880,1100,40800,0,93,96.76224281624195,21.04966703336686,1098.348499974236,22.0
1764732738,200,,Aggregated,91.100000,0.000000,93,100,110,120,130,150,190,240,620,880,1100,40956,0,93,96.72498343616529,21.04966703336686,1098.348499974236,22.0
1764732739,200,,Aggregated,91.100000,0.000000,93,100,110,120,130,150,190,240,620,880,1100,41000,0,93,96.72937758095142,21.04966703336686,1098.348499974236,22.0
1764732740,200,,Aggregated,91.500000,0.000000,93,100,110,110,130,150,190,240,610,880,1100,41120,0,93,96.71897701008594,21.04966703336686,1098.348499974236,22.0
1764732741,200,,Aggregated,91.500000,0.000000,93,100,110,110,130,150,190,240,610,880,1100,41200,0,93,96.73204698278603,21.04966703336686,1098.348499974236,22.0
1764732742,200,,Aggregated,93.100000,0.000000,93,100,110,120,130,150,190,240,610,880,1100,41268,0,93,96.75405610932202,21.04966703336686,1098.348499974236,22.0
1764732743,200,,Aggregated,100.000000,0.000000,93,100,110,110,130,150,180,240,610,880,1100,41400,0,93,96.72964938655596,21.04966703336686,1098.348499974236,22.0
1764732744,200,,Aggregated,93.200000,0.000000,93,100,110,110,130,150,180,240,610,880,1100,41468,0,93,96.6945073616409,21.04966703336686,1098.348499974236,22.0
1764732745,200,,Aggregated,95.600000,0.000000,93,100,110,110,130,150,180,240,610,880,1100,41600,0,93,96.67434454392675,21.04966703336686,1098.348499974236,22.0
1764732746,200,,Aggregated,93.200000,0.000000,93,100,110,110,130,150,180,240,610,880,1100,41668,0,93,96.67696180181045,21.04966703336686,1098.348499974236,22.0
1764732747,200,,Aggregated,95.600000,0.000000,93,100,110,110,130,150,180,240,610,880,1100,41800,0,93,96.6763771167103,21.04966703336686,1098.348499974236,22.0
1764732748,200,,Aggregated,93.200000,0.000000,93,100,110,110,130,150,180,240,610,880,1100,41868,0,93,96.67387557162169,21.04966703336686,1098.348499974236,22.0
1764732749,200,,Aggregated,95.600000,0.000000,93,100,110,110,130,150,180,240,610,880,1100,42000,0,93,96.65585315602809,21.04966703336686,1098.348499974236,22.0
1764732750,200,,Aggregated,93.200000,0.000000,93,100,110,110,130,150,180,240,600,880,1100,42068,0,93,96.65650179301444,21.04966703336686,1098.348499974236,22.0
1764732751,200,,Aggregated,95.600000,0.000000,93,100,110,110,130,150,180,240,600,880,1100,42200,0,93,96.67738357630847,21.04966703336686,1098.348499974236,22.0
1764732752,200,,Aggregated,93.200000,0.000000,93,100,110,110,130,150,180,240,600,880,1100,42268,0,93,96.66802553172836,21.04966703336686,1098.348499974236,22.0
1764732753,200,,Aggregated,95.400000,0.000000,93,100,110,110,130,150,180,240,600,880,1100,42381,0,93,96.64670298801225,21.04966703336686,1098.348499974236,22.0
1764732754,200,,Aggregated,95.400000,0.000000,93,100,110,110,130,150,180,240,600,880,1100,42400,0,93,96.6474436085703,21.04966703336686,1098.348499974236,22.0
1764732755,200,,Aggregated,91.200000,0.000000,93,100,110,110,130,150,180,240,600,880,1100,42556,0,93,96.6372670767063,21.04966703336686,1098.348499974236,22.0
1764732756,200,,Aggregated,91.200000,0.000000,93,100,110,110,130,150,180,240,600,880,1100,42600,0,93,96.63180254605827,21.04966703336686,1098.348499974236,22.0
1764732757,200,,Aggregated,91.200000,0.000000,93,100,110,110,130,150,180,240,600,880,1100,42756,0,93,96.60978357131982,21.04966703336686,1098.348499974236,22.0
1764732758,200,,Aggregated,91.200000,0.000000,93,100,110,110,130,150,180,240,600,880,1100,42800,0,93,96.6021575019004,21.04966703336686,1098.348499974236,22.0
1764732759,200,,Aggregated,91.200000,0.000000,93,100,110,110,130,150,180,240,600,880,1100,42956,0,93,96.5866733505384,21.04966703336686,1098.348499974236,22.0
1764732760,200,,Aggregated,91.200000,0.000000,93,100,110,110,130,150,180,240,600,880,1100,43000,0,93,96.58690145424686,21.04966703336686,1098.348499974236,22.0
1764732761,200,,Aggregated,91.200000,0.000000,93,100,110,110,130,150,180,240,590,880,1100,43156,0,93,96.5744905263801,21.04966703336686,1098.348499974236,22.0
1764732762,200,,Aggregated,91.200000,0.000000,93,100,110,110,130,150,180,240,590,880,1100,43200,0,93,96.56917534793912,21.04966703336686,1098.348499974236,22.0
1764732763,200,,Aggregated,91.400000,0.000000,93,100,110,110,130,150,180,240,590,880,1100,43356,0,93,96.5919809049624,21.04966703336686,1098.348499974236,22.0
1764732764,200,,Aggregated,100.000000,0.000000,93,100,110,110,130,150,180,240,590,880,1100,43400,0,93,96.5929479490883,21.04966703336686,1098.348499974236,22.0
1764732765,200,,Aggregated,96.600000,0.000000,93,100,110,110,130,150,180,240,590,880,1100,43554,0,93,96.58453832101102,21.04966703336686,1098.348499974236,22.0
1764732766,200,,Aggregated,95.600000,0.000000,93,100,110,110,130,150,180,240,590,880,1100,43599,0,93,96.58804971421539,21.04966703336686,1098.348499974236,22.0
1764732767,200,,Aggregated,93.200000,0.000000,93,100,110,110,130,150,180,240,600,880,1100,43668,0,93,96.60617879302438,21.04966703336686,1098.348499974236,22.0
1764732768,200,,Aggregated,95.600000,0.000000,93,100,110,110,130,150,180,240,600,880,1100,43799,0,93,96.5864159958992,21.04966703336686,1098.348499974236,22.0
1764732769,200,,Aggregated,93.200000,0.000000,93,100,110,110,130,150,180,240,600,880,1100,43867,0,93,96.57691264874501,21.04966703336686,1098.348499974236,22.0
1764732770,200,,Aggregated,95.600000,0.000000,93,100,110,110,130,150,180,240,600,880,1100,43999,0,93,96.58912914877791,21.04966703336686,1098.348499974236,22.0
1764732771,200,,Aggregated,93.200000,0.000000,93,100,110,110,130,150,180,240,590,880,1100,44067,0,93,96.60210960672951,21.04966703336686,1098.348499974236,22.0
1764732772,200,,Aggregated,95.500000,0.000000,93,100,110,110,130,150,180,240,590,880,1100,44199,0,93,96.5830278691835,21.04966703336686,1098.348499974236,22.0
1764732773,200,,Aggregated,93.200000,0.000000,93,100,110,110,130,150,180,240,590,880,1100,44266,0,93,96.56439494366417,21.04966703336686,1098.348499974236,22.0
1764732774,200,,Aggregated,95.500000,0.000000,93,100,110,110,130,150,180,240,590,880,1100,44399,0,93,96.57099057394183,21.04966703336686,1098.348499974236,22.0
1764732775,200,,Aggregated,96.600000,0.000000,93,100,110,110,130,150,180,240,590,880,1100,44466,0,93,96.55938800890826,21.04966703336686,1098.348499974236,22.0
1764732776,200,,Aggregated,92.900000,0.000000,93,100,110,110,130,150,180,240,590,880,1100,44599,0,93,96.55952802374782,21.04966703336686,1098.348499974236,22.0
1764732777,200,,Aggregated,99.900000,0.000000,93,100,110,110,130,150,180,230,590,880,1100,44666,0,93,96.5586643055616,21.04966703336686,1098.348499974236,22.0
1764732778,200,,Aggregated,91.100000,0.000000,93,100,110,110,130,150,180,230,590,880,1100,44799,0,93,96.54984429240186,21.04966703336686,1098.348499974236,22.0
1764732779,200,,Aggregated,99.900000,0.000000,93,100,110,110,130,150,180,230,590,880,1100,44813,0,93,96.54361797992638,21.04966703336686,1098.348499974236,22.0
1764732780,200,,Aggregated,91.100000,0.000000,93,100,110,110,130,150,180,230,590,880,1100,44956,0,93,96.53870693544172,21.04966703336686,1098.348499974236,22.0
1764732781,200,,Aggregated,99.900000,0.000000,93,100,110,110,130,150,180,230,590,880,1100,45000,0,93,96.53595080535548,21.04966703336686,1098.348499974236,22.0
1764732782,200,,Aggregated,91.100000,0.000000,93,100,110,110,130,150,180,240,590,880,1100,45154,0,93,96.66330350742568,21.04966703336686,1098.348499974236,22.0
1764732783,200,,Aggregated,99.900000,0.000000,93,100,110,110,130,150,180,240,590,880,1100,45200,0,93,96.69087679003802,21.04966703336686,1098.348499974236,22.0
1764732784,200,,Aggregated,89.800000,0.000000,93,100,110,110,130,150,180,240,590,880,1100,45354,0,93,96.60845852329149,21.04966703336686,1098.348499974236,22.0
1764732785,200,,Aggregated,99.700000,0.000000,93,100,110,110,130,150,180,240,590,880,1100,45400,0,93,96.60418906915801,21.04966703336686,1098.348499974236,22.0
1764732786,200,,Aggregated,96.200000,0.000000,93,100,110,110,130,150,180,240,590,880,1100,45554,0,93,96.56867176929809,21.04966703336686,1098.348499974236,22.0
1764732787,200,,Aggregated,96.500000,0.000000,93,100,110,110,130,150,180,240,590,880,1100,45600,0,93,96.5618269578421,21.04966703336686,1098.348499974236,22.0
